<?xml version="1.0" encoding="UTF-8" standalone="yes"?><Configuration><RuleGroup category="Activity"><Rule ruleId="R1010" status="enabled" severity="error"><Driver class="org.modelio.audit.rules.R1010"/></Rule><Rule ruleId="R1020" status="enabled" severity="error"><Driver class="org.modelio.audit.rules.R1020"/></Rule><Rule ruleId="R1030" status="enabled" severity="error"><Driver class="org.modelio.audit.rules.R1030"/></Rule><Rule ruleId="R1040" status="enabled" severity="error"><Driver class="org.modelio.audit.rules.R1040"/></Rule><Rule ruleId="R1050" status="enabled" severity="error"><Driver class="org.modelio.audit.rules.R1050"/></Rule><Rule ruleId="R1060" status="enabled" severity="error"><Driver class="org.modelio.audit.rules.R1060"/></Rule><Rule ruleId="R1070" status="enabled" severity="error"><Driver class="org.modelio.audit.rules.R1070"/></Rule><Rule ruleId="R1080" status="enabled" severity="error"><Driver class="org.modelio.audit.rules.R1080"/></Rule><Rule ruleId="R1090" status="enabled" severity="error"><Driver class="org.modelio.audit.rules.R1090"/></Rule><Rule ruleId="R1100" status="enabled" severity="error"><Driver class="org.modelio.audit.rules.R1100"/></Rule><Rule ruleId="R1110" status="enabled" severity="error"><Driver class="org.modelio.audit.rules.R1110"/></Rule><Rule ruleId="R1130" status="enabled" severity="error"><Driver class="org.modelio.audit.rules.R1130"/></Rule><Rule ruleId="R1140" status="enabled" severity="error"><Driver class="org.modelio.audit.rules.R1140"/></Rule><Rule ruleId="R1150" status="enabled" severity="error"><Driver class="org.modelio.audit.rules.R1150"/></Rule><Rule ruleId="R1160" status="enabled" severity="error"><Driver class="org.modelio.audit.rules.R1160"/></Rule><Rule ruleId="R1170" status="enabled" severity="error"><Driver class="org.modelio.audit.rules.R1170"/></Rule><Rule ruleId="R1180" status="enabled" severity="error"><Driver class="org.modelio.audit.rules.R1180"/></Rule><Rule ruleId="R1190" status="enabled" severity="error"><Driver class="org.modelio.audit.rules.R1190"/></Rule><Rule ruleId="R1200" status="enabled" severity="error"><Driver class="org.modelio.audit.rules.R1200"/></Rule><Rule ruleId="R1230" status="enabled" severity="error"><Driver class="org.modelio.audit.rules.R1230"/></Rule><Rule ruleId="R1250" status="enabled" severity="error"><Driver class="org.modelio.audit.rules.R1250"/></Rule><Rule ruleId="R1280" status="enabled" severity="error"><Driver class="org.modelio.audit.rules.R1280"/></Rule><Rule ruleId="R1290" status="enabled" severity="warning"><Driver class="org.modelio.audit.rules.R1290"/></Rule><Rule ruleId="R1300" status="enabled" severity="warning"><Driver class="org.modelio.audit.rules.R1300"/></Rule><Rule ruleId="R1310" status="enabled" severity="warning"><Driver class="org.modelio.audit.rules.R1310"/></Rule><Rule ruleId="R1320" status="enabled" severity="error"><Driver class="org.modelio.audit.rules.R1320"/></Rule><Rule ruleId="R1350" status="enabled" severity="error"><Driver class="org.modelio.audit.rules.R1350"/></Rule><Rule ruleId="R1360" status="enabled" severity="error"><Driver class="org.modelio.audit.rules.R1360"/></Rule><Rule ruleId="R1370" status="enabled" severity="error"><Driver class="org.modelio.audit.rules.R1370"/></Rule><Rule ruleId="R1380" status="enabled" severity="error"><Driver class="org.modelio.audit.rules.R1380"/></Rule><Rule ruleId="R1390" status="enabled" severity="error"><Driver class="org.modelio.audit.rules.R1390"/></Rule><Rule ruleId="R1400" status="enabled" severity="error"><Driver class="org.modelio.audit.rules.R1400"/></Rule></RuleGroup><RuleGroup category="State"><Rule ruleId="R2580" status="enabled" severity="error"><Driver class="org.modelio.audit.rules.R2580"/></Rule><Rule ruleId="R2590" status="enabled" severity="error"><Driver class="org.modelio.audit.rules.R2590"/></Rule><Rule ruleId="R2600" status="enabled" severity="error"><Driver class="org.modelio.audit.rules.R2600"/></Rule><Rule ruleId="R2610" status="enabled" severity="error"><Driver class="org.modelio.audit.rules.R2610"/></Rule><Rule ruleId="R2620" status="enabled" severity="error"><Driver class="org.modelio.audit.rules.R2620"/></Rule><Rule ruleId="R2630" status="enabled" severity="error"><Driver class="org.modelio.audit.rules.R2630"/></Rule><Rule ruleId="R2640" status="enabled" severity="error"><Driver class="org.modelio.audit.rules.R2640"/></Rule><Rule ruleId="R2650" status="enabled" severity="error"><Driver class="org.modelio.audit.rules.R2650"/></Rule><Rule ruleId="R2660" status="enabled" severity="error"><Driver class="org.modelio.audit.rules.R2660"/></Rule><Rule ruleId="R2670" status="enabled" severity="error"><Driver class="org.modelio.audit.rules.R2670"/></Rule><Rule ruleId="R2750" status="enabled" severity="warning"><Driver class="org.modelio.audit.rules.R2750"/></Rule><Rule ruleId="R2760" status="enabled" severity="error"><Driver class="org.modelio.audit.rules.R2760"/></Rule><Rule ruleId="R2770" status="enabled" severity="error"><Driver class="org.modelio.audit.rules.R2770"/></Rule><Rule ruleId="R2780" status="enabled" severity="warning"><Driver class="org.modelio.audit.rules.R2780"/></Rule><Rule ruleId="R2790" status="enabled" severity="error"><Driver class="org.modelio.audit.rules.R2790"/></Rule><Rule ruleId="R2800" status="enabled" severity="error"><Driver class="org.modelio.audit.rules.R2800"/></Rule><Rule ruleId="R2810" status="enabled" severity="error"><Driver class="org.modelio.audit.rules.R2810"/></Rule><Rule ruleId="R2820" status="enabled" severity="error"><Driver class="org.modelio.audit.rules.R2820"/></Rule><Rule ruleId="R2830" status="enabled" severity="error"><Driver class="org.modelio.audit.rules.R2830"/></Rule><Rule ruleId="R2840" status="enabled" severity="warning"><Driver class="org.modelio.audit.rules.R2840"/></Rule><Rule ruleId="R2940" status="enabled" severity="warning"><Driver class="org.modelio.audit.rules.R2940"/></Rule><Rule ruleId="R2950" status="enabled" severity="warning"><Driver class="org.modelio.audit.rules.R2950"/></Rule></RuleGroup><RuleGroup category="UseCase"><Rule ruleId="R2860" status="enabled" severity="warning"><Driver class="org.modelio.audit.rules.R2860"/></Rule><Rule ruleId="R2870" status="enabled" severity="error"><Driver class="org.modelio.audit.rules.R2870"/></Rule><Rule ruleId="R2880" status="enabled" severity="error"><Driver class="org.modelio.audit.rules.R2880"/></Rule><Rule ruleId="R2890" status="enabled" severity="error"><Driver class="org.modelio.audit.rules.R2890"/></Rule><Rule ruleId="R2900" status="enabled" severity="tip"><Driver class="org.modelio.audit.rules.R2900"/></Rule><Rule ruleId="R2910" status="enabled" severity="error"><Driver class="org.modelio.audit.rules.R2910"/></Rule><Rule ruleId="R2920" status="enabled" severity="error"><Driver class="org.modelio.audit.rules.R2920"/></Rule></RuleGroup><RuleGroup category="Static"><Rule ruleId="R1000" status="enabled" severity="error"><Driver class="org.modelio.audit.rules.R1000"/></Rule><Rule ruleId="R1410" status="enabled" severity="error"><Driver class="org.modelio.audit.rules.R1410"/></Rule><Rule ruleId="R1420" status="enabled" severity="error"><Driver class="org.modelio.audit.rules.R1420"/></Rule><Rule ruleId="R1430" status="enabled" severity="error"><Driver class="org.modelio.audit.rules.R1430"/></Rule><Rule ruleId="R1450" status="enabled" severity="error"><Driver class="org.modelio.audit.rules.R1450"/></Rule><Rule ruleId="R1460" status="enabled" severity="error"><Driver class="org.modelio.audit.rules.R1460"/></Rule><Rule ruleId="R1470" status="enabled" severity="error"><Driver class="org.modelio.audit.rules.R1470"/></Rule><Rule ruleId="R1480" status="enabled" severity="warning"><Driver class="org.modelio.audit.rules.R1480"/></Rule><Rule ruleId="R1490" status="enabled" severity="warning"><Driver class="org.modelio.audit.rules.R1490"/></Rule><Rule ruleId="R1500" status="enabled" severity="tip"><Driver class="org.modelio.audit.rules.R1500"/></Rule><Rule ruleId="R1520" status="enabled" severity="tip"><Driver class="org.modelio.audit.rules.R1520"/></Rule><Rule ruleId="R1540" status="enabled" severity="error"><Driver class="org.modelio.audit.rules.R1540"/></Rule><Rule ruleId="R1550" status="enabled" severity="error"><Driver class="org.modelio.audit.rules.R1550"/></Rule><Rule ruleId="R1560" status="enabled" severity="warning"><Driver class="org.modelio.audit.rules.R1560"/></Rule><Rule ruleId="R1580" status="enabled" severity="error"><Driver class="org.modelio.audit.rules.R1580"/></Rule><Rule ruleId="R1590" status="enabled" severity="warning"><Driver class="org.modelio.audit.rules.R1590"/></Rule><Rule ruleId="R1600" status="enabled" severity="warning"><Driver class="org.modelio.audit.rules.R1600"/></Rule><Rule ruleId="R1610" status="enabled" severity="error"><Driver class="org.modelio.audit.rules.R1610"/></Rule><Rule ruleId="R1620" status="enabled" severity="error"><Driver class="org.modelio.audit.rules.R1620"/></Rule><Rule ruleId="R1640" status="enabled" severity="warning"><Driver class="org.modelio.audit.rules.R1640"/></Rule><Rule ruleId="R1650" status="enabled" severity="warning"><Driver class="org.modelio.audit.rules.R1650"/></Rule><Rule ruleId="R1660" status="enabled" severity="warning"><Driver class="org.modelio.audit.rules.R1660"/></Rule><Rule ruleId="R1670" status="enabled" severity="error"><Driver class="org.modelio.audit.rules.R1670"/></Rule><Rule ruleId="R1720" status="enabled" severity="warning"><Driver class="org.modelio.audit.rules.R1720"/></Rule><Rule ruleId="R1730" status="enabled" severity="error"><Driver class="org.modelio.audit.rules.R1730"/></Rule><Rule ruleId="R1750" status="enabled" severity="error"><Driver class="org.modelio.audit.rules.R1750"/></Rule><Rule ruleId="R1760" status="enabled" severity="error"><Driver class="org.modelio.audit.rules.R1760"/></Rule><Rule ruleId="R1780" status="enabled" severity="error"><Driver class="org.modelio.audit.rules.R1780"/></Rule><Rule ruleId="R1790" status="enabled" severity="error"><Driver class="org.modelio.audit.rules.R1790"/></Rule><Rule ruleId="R1860" status="enabled" severity="error"><Driver class="org.modelio.audit.rules.R1860"/></Rule><Rule ruleId="R1870" status="enabled" severity="error"><Driver class="org.modelio.audit.rules.R1870"/></Rule><Rule ruleId="R1910" status="enabled" severity="tip"><Driver class="org.modelio.audit.rules.R1910"/></Rule><Rule ruleId="R1970" status="enabled" severity="error"><Driver class="org.modelio.audit.rules.R1970"/></Rule><Rule ruleId="R1980" status="enabled" severity="error"><Driver class="org.modelio.audit.rules.R1980"/></Rule><Rule ruleId="R1990" status="enabled" severity="warning"><Driver class="org.modelio.audit.rules.R1990"/></Rule><Rule ruleId="R2060" status="enabled" severity="error"><Driver class="org.modelio.audit.rules.R2060"/></Rule><Rule ruleId="R2180" status="enabled" severity="error"><Driver class="org.modelio.audit.rules.R2180"/></Rule><Rule ruleId="R2190" status="enabled" severity="warning"><Driver class="org.modelio.audit.rules.R2190"/></Rule><Rule ruleId="R2200" status="enabled" severity="warning"><Driver class="org.modelio.audit.rules.R2200"/></Rule><Rule ruleId="R2210" status="enabled" severity="error"><Driver class="org.modelio.audit.rules.R2210"/></Rule><Rule ruleId="R2220" status="enabled" severity="error"><Driver class="org.modelio.audit.rules.R2220"/></Rule><Rule ruleId="R2230" status="enabled" severity="warning"><Driver class="org.modelio.audit.rules.R2230"/></Rule><Rule ruleId="R2240" status="enabled" severity="error"><Driver class="org.modelio.audit.rules.R2240"/></Rule><Rule ruleId="R2250" status="enabled" severity="warning"><Driver class="org.modelio.audit.rules.R2250"/></Rule><Rule ruleId="R2260" status="enabled" severity="error"><Driver class="org.modelio.audit.rules.R2260"/></Rule><Rule ruleId="R2270" status="enabled" severity="warning"><Driver class="org.modelio.audit.rules.R2270"/></Rule><Rule ruleId="R2330" status="enabled" severity="error"><Driver class="org.modelio.audit.rules.R2330"/></Rule><Rule ruleId="R2340" status="enabled" severity="error"><Driver class="org.modelio.audit.rules.R2340"/></Rule><Rule ruleId="R2350" status="enabled" severity="error"><Driver class="org.modelio.audit.rules.R2350"/></Rule><Rule ruleId="R2360" status="enabled" severity="error"><Driver class="org.modelio.audit.rules.R2360"/></Rule><Rule ruleId="R2370" status="enabled" severity="error"><Driver class="org.modelio.audit.rules.R2370"/></Rule><Rule ruleId="R2380" status="enabled" severity="error"><Driver class="org.modelio.audit.rules.R2380"/></Rule><Rule ruleId="R2390" status="enabled" severity="error"><Driver class="org.modelio.audit.rules.R2390"/></Rule><Rule ruleId="R2400" status="enabled" severity="error"><Driver class="org.modelio.audit.rules.R2400"/></Rule><Rule ruleId="R2410" status="enabled" severity="error"><Driver class="org.modelio.audit.rules.R2410"/></Rule><Rule ruleId="R2420" status="enabled" severity="warning"><Driver class="org.modelio.audit.rules.R2420"/></Rule><Rule ruleId="R2430" status="enabled" severity="error"><Driver class="org.modelio.audit.rules.R2430"/></Rule><Rule ruleId="R2440" status="enabled" severity="warning"><Driver class="org.modelio.audit.rules.R2440"/></Rule><Rule ruleId="R2450" status="enabled" severity="error"><Driver class="org.modelio.audit.rules.R2450"/></Rule><Rule ruleId="R2470" status="enabled" severity="warning"><Driver class="org.modelio.audit.rules.R2470"/></Rule><Rule ruleId="R2500" status="enabled" severity="error"><Driver class="org.modelio.audit.rules.R2500"/></Rule><Rule ruleId="R2510" status="enabled" severity="warning"><Driver class="org.modelio.audit.rules.R2510"/></Rule><Rule ruleId="R2520" status="enabled" severity="warning"><Driver class="org.modelio.audit.rules.R2520"/></Rule><Rule ruleId="R2530" status="enabled" severity="warning"><Driver class="org.modelio.audit.rules.R2530"/></Rule><Rule ruleId="R2540" status="enabled" severity="error"><Driver class="org.modelio.audit.rules.R2540"/></Rule><Rule ruleId="R2550" status="enabled" severity="error"><Driver class="org.modelio.audit.rules.R2550"/></Rule><Rule ruleId="R2560" status="enabled" severity="warning"><Driver class="org.modelio.audit.rules.R2560"/></Rule><Rule ruleId="R2570" status="enabled" severity="error"><Driver class="org.modelio.audit.rules.R2570"/></Rule><Rule ruleId="R2680" status="enabled" severity="error"><Driver class="org.modelio.audit.rules.R2680"/></Rule><Rule ruleId="R2690" status="enabled" severity="error"><Driver class="org.modelio.audit.rules.R2690"/></Rule><Rule ruleId="R2700" status="enabled" severity="error"><Driver class="org.modelio.audit.rules.R2700"/></Rule><Rule ruleId="R2720" status="enabled" severity="error"><Driver class="org.modelio.audit.rules.R2720"/></Rule><Rule ruleId="R2730" status="enabled" severity="error"><Driver class="org.modelio.audit.rules.R2730"/></Rule><Rule ruleId="R2740" status="enabled" severity="error"><Driver class="org.modelio.audit.rules.R2740"/></Rule></RuleGroup><RuleGroup category="Analyst"><Rule ruleId="R2010" status="enabled" severity="error"><Driver class="org.modelio.audit.rules.R2010"/></Rule><Rule ruleId="R2030" status="enabled" severity="error"><Driver class="org.modelio.audit.rules.R2030"/></Rule><Rule ruleId="R2080" status="enabled" severity="error"><Driver class="org.modelio.audit.rules.R2080"/></Rule><Rule ruleId="R2100" status="enabled" severity="error"><Driver class="org.modelio.audit.rules.R2100"/></Rule><Rule ruleId="R2120" status="enabled" severity="error"><Driver class="org.modelio.audit.rules.R2120"/></Rule><Rule ruleId="R2140" status="enabled" severity="error"><Driver class="org.modelio.audit.rules.R2140"/></Rule><Rule ruleId="R2160" status="enabled" severity="error"><Driver class="org.modelio.audit.rules.R2160"/></Rule><Rule ruleId="R2960" status="enabled" severity="error"><Driver class="org.modelio.audit.rules.R2960"/></Rule><Rule ruleId="R2970" status="enabled" severity="error"><Driver class="org.modelio.audit.rules.R2970"/></Rule><Rule ruleId="R2980" status="enabled" severity="error"><Driver class="org.modelio.audit.rules.R2980"/></Rule><Rule ruleId="R2990" status="enabled" severity="error"><Driver class="org.modelio.audit.rules.R2990"/></Rule><Rule ruleId="R3000" status="enabled" severity="error"><Driver class="org.modelio.audit.rules.R3000"/></Rule><Rule ruleId="R3010" status="enabled" severity="error"><Driver class="org.modelio.audit.rules.R3010"/></Rule><Rule ruleId="R3020" status="enabled" severity="error"><Driver class="org.modelio.audit.rules.R3020"/></Rule><Rule ruleId="R3030" status="enabled" severity="error"><Driver class="org.modelio.audit.rules.R3030"/></Rule><Rule ruleId="R3040" status="enabled" severity="error"><Driver class="org.modelio.audit.rules.R3040"/></Rule><Rule ruleId="R3050" status="enabled" severity="error"><Driver class="org.modelio.audit.rules.R3050"/></Rule><Rule ruleId="R3060" status="enabled" severity="error"><Driver class="org.modelio.audit.rules.R3060"/></Rule><Rule ruleId="R3070" status="enabled" severity="error"><Driver class="org.modelio.audit.rules.R3070"/></Rule></RuleGroup><RuleGroup category="Sequence"><Rule ruleId="R1800" status="enabled" severity="error"><Driver class="org.modelio.audit.rules.R1800"/></Rule><Rule ruleId="R1810" status="enabled" severity="warning"><Driver class="org.modelio.audit.rules.R1810"/></Rule><Rule ruleId="R1820" status="enabled" severity="warning"><Driver class="org.modelio.audit.rules.R1820"/></Rule><Rule ruleId="R1830" status="enabled" severity="error"><Driver class="org.modelio.audit.rules.R1830"/></Rule><Rule ruleId="R1950" status="enabled" severity="error"><Driver class="org.modelio.audit.rules.R1950"/></Rule><Rule ruleId="R1960" status="enabled" severity="tip"><Driver class="org.modelio.audit.rules.R1960"/></Rule><Rule ruleId="R2930" status="enabled" severity="error"><Driver class="org.modelio.audit.rules.R2930"/></Rule></RuleGroup><RuleGroup category="Others"><Rule ruleId="R1530" status="disabled" severity="tip"><Driver class="org.modelio.audit.rules.R1530"/></Rule><Rule ruleId="R1680" status="enabled" severity="error"><Driver class="org.modelio.audit.rules.R1680"/></Rule><Rule ruleId="R1690" status="enabled" severity="error"><Driver class="org.modelio.audit.rules.R1690"/></Rule><Rule ruleId="R1700" status="enabled" severity="error"><Driver class="org.modelio.audit.rules.R1700"/></Rule><Rule ruleId="R1710" status="enabled" severity="error"><Driver class="org.modelio.audit.rules.R1710"/></Rule><Rule ruleId="R1740" status="enabled" severity="tip"><Driver class="org.modelio.audit.rules.R1740"/></Rule><Rule ruleId="R2050" status="enabled" severity="error"><Driver class="org.modelio.audit.rules.R2050"/></Rule><Rule ruleId="R2170" status="enabled" severity="error"><Driver class="org.modelio.audit.rules.R2170"/></Rule><Rule ruleId="R2850" status="enabled" severity="error"><Driver class="org.modelio.audit.rules.R2850"/></Rule><Rule ruleId="R3260" status="enabled" severity="tip"><Driver class="org.modelio.audit.rules.R3260"/></Rule></RuleGroup><RuleGroup category="BPMN"><Rule ruleId="R3080" status="enabled" severity="error"><Driver class="org.modelio.audit.rules.R3080"/></Rule><Rule ruleId="R3090" status="enabled" severity="error"><Driver class="org.modelio.audit.rules.R3090"/></Rule><Rule ruleId="R3100" status="enabled" severity="error"><Driver class="org.modelio.audit.rules.R3100"/></Rule><Rule ruleId="R3110" status="enabled" severity="error"><Driver class="org.modelio.audit.rules.R3110"/></Rule><Rule ruleId="R3130" status="enabled" severity="error"><Driver class="org.modelio.audit.rules.R3130"/></Rule><Rule ruleId="R3140" status="enabled" severity="warning"><Driver class="org.modelio.audit.rules.R3140"/></Rule><Rule ruleId="R3150" status="enabled" severity="error"><Driver class="org.modelio.audit.rules.R3150"/></Rule><Rule ruleId="R3160" status="enabled" severity="error"><Driver class="org.modelio.audit.rules.R3160"/></Rule><Rule ruleId="R3170" status="enabled" severity="warning"><Driver class="org.modelio.audit.rules.R3170"/></Rule><Rule ruleId="R3180" status="enabled" severity="error"><Driver class="org.modelio.audit.rules.R3180"/></Rule><Rule ruleId="R3190" status="enabled" severity="error"><Driver class="org.modelio.audit.rules.R3190"/></Rule><Rule ruleId="R3220" status="enabled" severity="error"><Driver class="org.modelio.audit.rules.R3220"/></Rule><Rule ruleId="R3230" status="enabled" severity="warning"><Driver class="org.modelio.audit.rules.R3230"/></Rule><Rule ruleId="R3240" status="enabled" severity="error"><Driver class="org.modelio.audit.rules.R3240"/></Rule><Rule ruleId="R3250" status="enabled" severity="error"><Driver class="org.modelio.audit.rules.R3250"/></Rule></RuleGroup></Configuration>